publisher_group,title,language,count,pct
bandai_namco,Ace Combat 7,brazilian,217,4.3
bandai_namco,Ace Combat 7,bulgarian,4,0.1
bandai_namco,Ace Combat 7,czech,9,0.2
bandai_namco,Ace Combat 7,danish,2,0.0
bandai_namco,Ace Combat 7,dutch,8,0.2
bandai_namco,Ace Combat 7,english,2482,48.8
bandai_namco,Ace Combat 7,finnish,5,0.1
bandai_namco,Ace Combat 7,french,91,1.8
bandai_namco,Ace Combat 7,german,95,1.9
bandai_namco,Ace Combat 7,greek,4,0.1
bandai_namco,Ace Combat 7,hungarian,5,0.1
bandai_namco,Ace Combat 7,indonesian,11,0.2
bandai_namco,Ace Combat 7,italian,39,0.8
bandai_namco,Ace Combat 7,japanese,136,2.7
bandai_namco,Ace Combat 7,koreana,121,2.4
bandai_namco,Ace Combat 7,latam,66,1.3
bandai_namco,Ace Combat 7,norwegian,3,0.1
bandai_namco,Ace Combat 7,polish,63,1.2
bandai_namco,Ace Combat 7,portuguese,7,0.1
bandai_namco,Ace Combat 7,romanian,1,0.0
bandai_namco,Ace Combat 7,russian,375,7.4
bandai_namco,Ace Combat 7,schinese,960,18.9
bandai_namco,Ace Combat 7,spanish,200,3.9
bandai_namco,Ace Combat 7,swedish,3,0.1
bandai_namco,Ace Combat 7,tchinese,51,1.0
bandai_namco,Ace Combat 7,thai,23,0.5
bandai_namco,Ace Combat 7,turkish,67,1.3
bandai_namco,Ace Combat 7,ukrainian,34,0.7
bandai_namco,Ace Combat 7,vietnamese,1,0.0
bandai_namco,Dragon Ball FighterZ,brazilian,839,16.9
bandai_namco,Dragon Ball FighterZ,czech,3,0.1
bandai_namco,Dragon Ball FighterZ,danish,1,0.0
bandai_namco,Dragon Ball FighterZ,dutch,4,0.1
bandai_namco,Dragon Ball FighterZ,english,2258,45.4
bandai_namco,Dragon Ball FighterZ,finnish,4,0.1
bandai_namco,Dragon Ball FighterZ,french,121,2.4
bandai_namco,Dragon Ball FighterZ,german,38,0.8
bandai_namco,Dragon Ball FighterZ,greek,2,0.0
bandai_namco,Dragon Ball FighterZ,hungarian,5,0.1
bandai_namco,Dragon Ball FighterZ,indonesian,3,0.1
bandai_namco,Dragon Ball FighterZ,italian,32,0.6
bandai_namco,Dragon Ball FighterZ,japanese,16,0.3
bandai_namco,Dragon Ball FighterZ,koreana,37,0.7
bandai_namco,Dragon Ball FighterZ,latam,264,5.3
bandai_namco,Dragon Ball FighterZ,norwegian,1,0.0
bandai_namco,Dragon Ball FighterZ,polish,44,0.9
bandai_namco,Dragon Ball FighterZ,portuguese,22,0.4
bandai_namco,Dragon Ball FighterZ,romanian,2,0.0
bandai_namco,Dragon Ball FighterZ,russian,106,2.1
bandai_namco,Dragon Ball FighterZ,schinese,278,5.6
bandai_namco,Dragon Ball FighterZ,spanish,821,16.5
bandai_namco,Dragon Ball FighterZ,swedish,6,0.1
bandai_namco,Dragon Ball FighterZ,tchinese,21,0.4
bandai_namco,Dragon Ball FighterZ,thai,14,0.3
bandai_namco,Dragon Ball FighterZ,turkish,23,0.5
bandai_namco,Dragon Ball FighterZ,ukrainian,2,0.0
bandai_namco,Dragon Ball FighterZ,vietnamese,11,0.2
bandai_namco,Dragon Ball: Sparking! Zero,brazilian,630,12.4
bandai_namco,Dragon Ball: Sparking! Zero,czech,1,0.0
bandai_namco,Dragon Ball: Sparking! Zero,danish,9,0.2
bandai_namco,Dragon Ball: Sparking! Zero,dutch,12,0.2
bandai_namco,Dragon Ball: Sparking! Zero,english,2301,45.3
bandai_namco,Dragon Ball: Sparking! Zero,finnish,3,0.1
bandai_namco,Dragon Ball: Sparking! Zero,french,247,4.9
bandai_namco,Dragon Ball: Sparking! Zero,german,100,2.0
bandai_namco,Dragon Ball: Sparking! Zero,greek,5,0.1
bandai_namco,Dragon Ball: Sparking! Zero,hungarian,11,0.2
bandai_namco,Dragon Ball: Sparking! Zero,indonesian,4,0.1
bandai_namco,Dragon Ball: Sparking! Zero,italian,139,2.7
bandai_namco,Dragon Ball: Sparking! Zero,japanese,32,0.6
bandai_namco,Dragon Ball: Sparking! Zero,koreana,40,0.8
bandai_namco,Dragon Ball: Sparking! Zero,latam,274,5.4
bandai_namco,Dragon Ball: Sparking! Zero,norwegian,4,0.1
bandai_namco,Dragon Ball: Sparking! Zero,polish,75,1.5
bandai_namco,Dragon Ball: Sparking! Zero,portuguese,28,0.6
bandai_namco,Dragon Ball: Sparking! Zero,russian,32,0.6
bandai_namco,Dragon Ball: Sparking! Zero,schinese,258,5.1
bandai_namco,Dragon Ball: Sparking! Zero,spanish,762,15.0
bandai_namco,Dragon Ball: Sparking! Zero,swedish,6,0.1
bandai_namco,Dragon Ball: Sparking! Zero,tchinese,23,0.5
bandai_namco,Dragon Ball: Sparking! Zero,thai,60,1.2
bandai_namco,Dragon Ball: Sparking! Zero,turkish,17,0.3
bandai_namco,Dragon Ball: Sparking! Zero,ukrainian,5,0.1
bandai_namco,Dragon Ball: Sparking! Zero,vietnamese,5,0.1
bandai_namco,Elden Ring,brazilian,244,4.8
bandai_namco,Elden Ring,bulgarian,1,0.0
bandai_namco,Elden Ring,czech,15,0.3
bandai_namco,Elden Ring,danish,2,0.0
bandai_namco,Elden Ring,dutch,6,0.1
bandai_namco,Elden Ring,english,2170,42.7
bandai_namco,Elden Ring,finnish,5,0.1
bandai_namco,Elden Ring,french,153,3.0
bandai_namco,Elden Ring,german,140,2.8
bandai_namco,Elden Ring,greek,2,0.0
bandai_namco,Elden Ring,hungarian,5,0.1
bandai_namco,Elden Ring,indonesian,10,0.2
bandai_namco,Elden Ring,italian,40,0.8
bandai_namco,Elden Ring,japanese,34,0.7
bandai_namco,Elden Ring,koreana,150,3.0
bandai_namco,Elden Ring,latam,70,1.4
bandai_namco,Elden Ring,norwegian,4,0.1
bandai_namco,Elden Ring,polish,39,0.8
bandai_namco,Elden Ring,portuguese,6,0.1
bandai_namco,Elden Ring,russian,452,8.9
bandai_namco,Elden Ring,schinese,959,18.9
bandai_namco,Elden Ring,spanish,249,4.9
bandai_namco,Elden Ring,swedish,13,0.3
bandai_namco,Elden Ring,tchinese,44,0.9
bandai_namco,Elden Ring,thai,19,0.4
bandai_namco,Elden Ring,turkish,218,4.3
bandai_namco,Elden Ring,ukrainian,16,0.3
bandai_namco,Elden Ring,vietnamese,18,0.4
bandai_namco,Gundam Breaker 4,brazilian,28,0.7
bandai_namco,Gundam Breaker 4,czech,1,0.0
bandai_namco,Gundam Breaker 4,dutch,3,0.1
bandai_namco,Gundam Breaker 4,english,2069,50.8
bandai_namco,Gundam Breaker 4,french,50,1.2
bandai_namco,Gundam Breaker 4,german,20,0.5
bandai_namco,Gundam Breaker 4,indonesian,7,0.2
bandai_namco,Gundam Breaker 4,italian,21,0.5
bandai_namco,Gundam Breaker 4,japanese,596,14.6
bandai_namco,Gundam Breaker 4,koreana,214,5.3
bandai_namco,Gundam Breaker 4,latam,10,0.2
bandai_namco,Gundam Breaker 4,polish,3,0.1
bandai_namco,Gundam Breaker 4,portuguese,1,0.0
bandai_namco,Gundam Breaker 4,russian,7,0.2
bandai_namco,Gundam Breaker 4,schinese,541,13.3
bandai_namco,Gundam Breaker 4,spanish,37,0.9
bandai_namco,Gundam Breaker 4,swedish,1,0.0
bandai_namco,Gundam Breaker 4,tchinese,292,7.2
bandai_namco,Gundam Breaker 4,thai,165,4.1
bandai_namco,Gundam Breaker 4,turkish,2,0.0
bandai_namco,Gundam Breaker 4,vietnamese,1,0.0
bandai_namco,Little Nightmares II,brazilian,388,7.8
bandai_namco,Little Nightmares II,bulgarian,1,0.0
bandai_namco,Little Nightmares II,czech,16,0.3
bandai_namco,Little Nightmares II,danish,3,0.1
bandai_namco,Little Nightmares II,dutch,7,0.1
bandai_namco,Little Nightmares II,english,1266,25.4
bandai_namco,Little Nightmares II,finnish,4,0.1
bandai_namco,Little Nightmares II,french,118,2.4
bandai_namco,Little Nightmares II,german,70,1.4
bandai_namco,Little Nightmares II,greek,9,0.2
bandai_namco,Little Nightmares II,hungarian,8,0.2
bandai_namco,Little Nightmares II,indonesian,12,0.2
bandai_namco,Little Nightmares II,italian,34,0.7
bandai_namco,Little Nightmares II,japanese,16,0.3
bandai_namco,Little Nightmares II,koreana,108,2.2
bandai_namco,Little Nightmares II,latam,79,1.6
bandai_namco,Little Nightmares II,norwegian,2,0.0
bandai_namco,Little Nightmares II,polish,38,0.8
bandai_namco,Little Nightmares II,portuguese,12,0.2
bandai_namco,Little Nightmares II,romanian,1,0.0
bandai_namco,Little Nightmares II,russian,924,18.5
bandai_namco,Little Nightmares II,schinese,1376,27.6
bandai_namco,Little Nightmares II,spanish,260,5.2
bandai_namco,Little Nightmares II,swedish,8,0.2
bandai_namco,Little Nightmares II,tchinese,38,0.8
bandai_namco,Little Nightmares II,thai,10,0.2
bandai_namco,Little Nightmares II,turkish,119,2.4
bandai_namco,Little Nightmares II,ukrainian,53,1.1
bandai_namco,Little Nightmares II,vietnamese,6,0.1
bandai_namco,Tales of Arise,brazilian,264,5.3
bandai_namco,Tales of Arise,czech,3,0.1
bandai_namco,Tales of Arise,dutch,5,0.1
bandai_namco,Tales of Arise,english,1859,37.3
bandai_namco,Tales of Arise,finnish,3,0.1
bandai_namco,Tales of Arise,french,138,2.8
bandai_namco,Tales of Arise,german,120,2.4
bandai_namco,Tales of Arise,greek,3,0.1
bandai_namco,Tales of Arise,hungarian,3,0.1
bandai_namco,Tales of Arise,indonesian,11,0.2
bandai_namco,Tales of Arise,italian,44,0.9
bandai_namco,Tales of Arise,japanese,293,5.9
bandai_namco,Tales of Arise,koreana,215,4.3
bandai_namco,Tales of Arise,latam,55,1.1
bandai_namco,Tales of Arise,norwegian,1,0.0
bandai_namco,Tales of Arise,polish,32,0.6
bandai_namco,Tales of Arise,portuguese,8,0.2
bandai_namco,Tales of Arise,russian,353,7.1
bandai_namco,Tales of Arise,schinese,1089,21.9
bandai_namco,Tales of Arise,spanish,196,3.9
bandai_namco,Tales of Arise,swedish,1,0.0
bandai_namco,Tales of Arise,tchinese,191,3.8
bandai_namco,Tales of Arise,thai,48,1.0
bandai_namco,Tales of Arise,turkish,27,0.5
bandai_namco,Tales of Arise,ukrainian,15,0.3
bandai_namco,Tales of Arise,vietnamese,5,0.1
bandai_namco,Tekken 8,brazilian,197,3.9
bandai_namco,Tekken 8,bulgarian,3,0.1
bandai_namco,Tekken 8,czech,8,0.2
bandai_namco,Tekken 8,danish,2,0.0
bandai_namco,Tekken 8,dutch,10,0.2
bandai_namco,Tekken 8,english,2966,58.3
bandai_namco,Tekken 8,finnish,5,0.1
bandai_namco,Tekken 8,french,168,3.3
bandai_namco,Tekken 8,german,98,1.9
bandai_namco,Tekken 8,greek,9,0.2
bandai_namco,Tekken 8,hungarian,3,0.1
bandai_namco,Tekken 8,indonesian,21,0.4
bandai_namco,Tekken 8,italian,53,1.0
bandai_namco,Tekken 8,japanese,47,0.9
bandai_namco,Tekken 8,koreana,740,14.6
bandai_namco,Tekken 8,latam,53,1.0
bandai_namco,Tekken 8,norwegian,2,0.0
bandai_namco,Tekken 8,polish,49,1.0
bandai_namco,Tekken 8,portuguese,17,0.3
bandai_namco,Tekken 8,russian,323,6.4
bandai_namco,Tekken 8,schinese,58,1.1
bandai_namco,Tekken 8,spanish,165,3.2
bandai_namco,Tekken 8,swedish,6,0.1
bandai_namco,Tekken 8,tchinese,9,0.2
bandai_namco,Tekken 8,thai,23,0.5
bandai_namco,Tekken 8,turkish,38,0.7
bandai_namco,Tekken 8,ukrainian,9,0.2
bandai_namco,Tekken 8,vietnamese,3,0.1
ea,Apex Legends,arabic,1,0.0
ea,Apex Legends,brazilian,62,1.2
ea,Apex Legends,bulgarian,1,0.0
ea,Apex Legends,czech,12,0.2
ea,Apex Legends,danish,4,0.1
ea,Apex Legends,dutch,7,0.1
ea,Apex Legends,english,1914,38.4
ea,Apex Legends,finnish,10,0.2
ea,Apex Legends,french,99,2.0
ea,Apex Legends,german,79,1.6
ea,Apex Legends,greek,2,0.0
ea,Apex Legends,hungarian,6,0.1
ea,Apex Legends,indonesian,4,0.1
ea,Apex Legends,italian,18,0.4
ea,Apex Legends,japanese,116,2.3
ea,Apex Legends,koreana,51,1.0
ea,Apex Legends,latam,33,0.7
ea,Apex Legends,norwegian,3,0.1
ea,Apex Legends,polish,42,0.8
ea,Apex Legends,portuguese,8,0.2
ea,Apex Legends,russian,441,8.9
ea,Apex Legends,schinese,1637,32.9
ea,Apex Legends,spanish,131,2.6
ea,Apex Legends,swedish,11,0.2
ea,Apex Legends,tchinese,152,3.1
ea,Apex Legends,thai,23,0.5
ea,Apex Legends,turkish,92,1.8
ea,Apex Legends,ukrainian,19,0.4
ea,Apex Legends,vietnamese,5,0.1
ea,EA Sports FC 24,brazilian,670,13.2
ea,EA Sports FC 24,bulgarian,3,0.1
ea,EA Sports FC 24,czech,39,0.8
ea,EA Sports FC 24,danish,5,0.1
ea,EA Sports FC 24,dutch,19,0.4
ea,EA Sports FC 24,english,1360,26.8
ea,EA Sports FC 24,finnish,7,0.1
ea,EA Sports FC 24,french,92,1.8
ea,EA Sports FC 24,german,115,2.3
ea,EA Sports FC 24,greek,5,0.1
ea,EA Sports FC 24,hungarian,18,0.4
ea,EA Sports FC 24,indonesian,33,0.7
ea,EA Sports FC 24,italian,26,0.5
ea,EA Sports FC 24,japanese,13,0.3
ea,EA Sports FC 24,koreana,152,3.0
ea,EA Sports FC 24,latam,77,1.5
ea,EA Sports FC 24,norwegian,8,0.2
ea,EA Sports FC 24,polish,165,3.3
ea,EA Sports FC 24,portuguese,42,0.8
ea,EA Sports FC 24,romanian,14,0.3
ea,EA Sports FC 24,russian,527,10.4
ea,EA Sports FC 24,schinese,698,13.8
ea,EA Sports FC 24,spanish,389,7.7
ea,EA Sports FC 24,swedish,11,0.2
ea,EA Sports FC 24,tchinese,15,0.3
ea,EA Sports FC 24,thai,61,1.2
ea,EA Sports FC 24,turkish,442,8.7
ea,EA Sports FC 24,ukrainian,59,1.2
ea,EA Sports FC 24,vietnamese,9,0.2
ea,EA Sports FC 25,brazilian,769,15.4
ea,EA Sports FC 25,bulgarian,3,0.1
ea,EA Sports FC 25,czech,29,0.6
ea,EA Sports FC 25,danish,4,0.1
ea,EA Sports FC 25,dutch,12,0.2
ea,EA Sports FC 25,english,1179,23.7
ea,EA Sports FC 25,finnish,3,0.1
ea,EA Sports FC 25,french,65,1.3
ea,EA Sports FC 25,german,74,1.5
ea,EA Sports FC 25,greek,5,0.1
ea,EA Sports FC 25,hungarian,9,0.2
ea,EA Sports FC 25,indonesian,34,0.7
ea,EA Sports FC 25,italian,30,0.6
ea,EA Sports FC 25,japanese,4,0.1
ea,EA Sports FC 25,koreana,135,2.7
ea,EA Sports FC 25,latam,76,1.5
ea,EA Sports FC 25,norwegian,5,0.1
ea,EA Sports FC 25,polish,126,2.5
ea,EA Sports FC 25,portuguese,36,0.7
ea,EA Sports FC 25,romanian,19,0.4
ea,EA Sports FC 25,russian,381,7.6
ea,EA Sports FC 25,schinese,912,18.3
ea,EA Sports FC 25,spanish,370,7.4
ea,EA Sports FC 25,swedish,6,0.1
ea,EA Sports FC 25,tchinese,10,0.2
ea,EA Sports FC 25,thai,51,1.0
ea,EA Sports FC 25,turkish,573,11.5
ea,EA Sports FC 25,ukrainian,56,1.1
ea,EA Sports FC 25,vietnamese,7,0.1
sega_atlus,Like a Dragon: Infinite Wealth,brazilian,271,5.3
sega_atlus,Like a Dragon: Infinite Wealth,bulgarian,2,0.0
sega_atlus,Like a Dragon: Infinite Wealth,czech,46,0.9
sega_atlus,Like a Dragon: Infinite Wealth,danish,5,0.1
sega_atlus,Like a Dragon: Infinite Wealth,dutch,34,0.7
sega_atlus,Like a Dragon: Infinite Wealth,english,2482,48.9
sega_atlus,Like a Dragon: Infinite Wealth,finnish,7,0.1
sega_atlus,Like a Dragon: Infinite Wealth,french,182,3.6
sega_atlus,Like a Dragon: Infinite Wealth,german,398,7.8
sega_atlus,Like a Dragon: Infinite Wealth,greek,2,0.0
sega_atlus,Like a Dragon: Infinite Wealth,hungarian,12,0.2
sega_atlus,Like a Dragon: Infinite Wealth,indonesian,1,0.0
sega_atlus,Like a Dragon: Infinite Wealth,italian,76,1.5
sega_atlus,Like a Dragon: Infinite Wealth,japanese,27,0.5
sega_atlus,Like a Dragon: Infinite Wealth,koreana,74,1.5
sega_atlus,Like a Dragon: Infinite Wealth,latam,113,2.2
sega_atlus,Like a Dragon: Infinite Wealth,norwegian,5,0.1
sega_atlus,Like a Dragon: Infinite Wealth,polish,134,2.6
sega_atlus,Like a Dragon: Infinite Wealth,portuguese,14,0.3
sega_atlus,Like a Dragon: Infinite Wealth,romanian,2,0.0
sega_atlus,Like a Dragon: Infinite Wealth,russian,279,5.5
sega_atlus,Like a Dragon: Infinite Wealth,schinese,535,10.5
sega_atlus,Like a Dragon: Infinite Wealth,spanish,225,4.4
sega_atlus,Like a Dragon: Infinite Wealth,swedish,9,0.2
sega_atlus,Like a Dragon: Infinite Wealth,tchinese,34,0.7
sega_atlus,Like a Dragon: Infinite Wealth,thai,8,0.2
sega_atlus,Like a Dragon: Infinite Wealth,turkish,40,0.8
sega_atlus,Like a Dragon: Infinite Wealth,ukrainian,55,1.1
sega_atlus,Persona 3 Reload,brazilian,382,7.7
sega_atlus,Persona 3 Reload,czech,5,0.1
sega_atlus,Persona 3 Reload,dutch,6,0.1
sega_atlus,Persona 3 Reload,english,2169,43.6
sega_atlus,Persona 3 Reload,finnish,2,0.0
sega_atlus,Persona 3 Reload,french,112,2.2
sega_atlus,Persona 3 Reload,german,39,0.8
sega_atlus,Persona 3 Reload,hungarian,3,0.1
sega_atlus,Persona 3 Reload,indonesian,30,0.6
sega_atlus,Persona 3 Reload,italian,51,1.0
sega_atlus,Persona 3 Reload,japanese,69,1.4
sega_atlus,Persona 3 Reload,koreana,176,3.5
sega_atlus,Persona 3 Reload,latam,125,2.5
sega_atlus,Persona 3 Reload,norwegian,1,0.0
sega_atlus,Persona 3 Reload,polish,48,1.0
sega_atlus,Persona 3 Reload,portuguese,19,0.4
sega_atlus,Persona 3 Reload,russian,237,4.8
sega_atlus,Persona 3 Reload,schinese,969,19.5
sega_atlus,Persona 3 Reload,spanish,360,7.2
sega_atlus,Persona 3 Reload,swedish,9,0.2
sega_atlus,Persona 3 Reload,tchinese,49,1.0
sega_atlus,Persona 3 Reload,thai,14,0.3
sega_atlus,Persona 3 Reload,turkish,84,1.7
sega_atlus,Persona 3 Reload,ukrainian,12,0.2
sega_atlus,Persona 3 Reload,vietnamese,8,0.2
sega_atlus,Persona 4 Golden,brazilian,383,7.7
sega_atlus,Persona 4 Golden,czech,4,0.1
sega_atlus,Persona 4 Golden,dutch,2,0.0
sega_atlus,Persona 4 Golden,english,2201,44.1
sega_atlus,Persona 4 Golden,finnish,2,0.0
sega_atlus,Persona 4 Golden,french,103,2.1
sega_atlus,Persona 4 Golden,german,36,0.7
sega_atlus,Persona 4 Golden,greek,1,0.0
sega_atlus,Persona 4 Golden,hungarian,3,0.1
sega_atlus,Persona 4 Golden,indonesian,14,0.3
sega_atlus,Persona 4 Golden,italian,53,1.1
sega_atlus,Persona 4 Golden,japanese,114,2.3
sega_atlus,Persona 4 Golden,koreana,154,3.1
sega_atlus,Persona 4 Golden,latam,162,3.2
sega_atlus,Persona 4 Golden,norwegian,2,0.0
sega_atlus,Persona 4 Golden,polish,49,1.0
sega_atlus,Persona 4 Golden,portuguese,13,0.3
sega_atlus,Persona 4 Golden,romanian,1,0.0
sega_atlus,Persona 4 Golden,russian,201,4.0
sega_atlus,Persona 4 Golden,schinese,891,17.8
sega_atlus,Persona 4 Golden,spanish,475,9.5
sega_atlus,Persona 4 Golden,swedish,4,0.1
sega_atlus,Persona 4 Golden,tchinese,43,0.9
sega_atlus,Persona 4 Golden,thai,9,0.2
sega_atlus,Persona 4 Golden,turkish,52,1.0
sega_atlus,Persona 4 Golden,ukrainian,17,0.3
sega_atlus,Persona 4 Golden,vietnamese,4,0.1
sega_atlus,Persona 5 Royal,brazilian,228,4.5
sega_atlus,Persona 5 Royal,czech,1,0.0
sega_atlus,Persona 5 Royal,danish,2,0.0
sega_atlus,Persona 5 Royal,english,1634,32.2
sega_atlus,Persona 5 Royal,finnish,3,0.1
sega_atlus,Persona 5 Royal,french,90,1.8
sega_atlus,Persona 5 Royal,german,33,0.6
sega_atlus,Persona 5 Royal,greek,2,0.0
sega_atlus,Persona 5 Royal,hungarian,1,0.0
sega_atlus,Persona 5 Royal,indonesian,3,0.1
sega_atlus,Persona 5 Royal,italian,36,0.7
sega_atlus,Persona 5 Royal,japanese,53,1.0
sega_atlus,Persona 5 Royal,koreana,171,3.4
sega_atlus,Persona 5 Royal,latam,85,1.7
sega_atlus,Persona 5 Royal,norwegian,1,0.0
sega_atlus,Persona 5 Royal,polish,28,0.6
sega_atlus,Persona 5 Royal,portuguese,4,0.1
sega_atlus,Persona 5 Royal,romanian,1,0.0
sega_atlus,Persona 5 Royal,russian,176,3.5
sega_atlus,Persona 5 Royal,schinese,2043,40.2
sega_atlus,Persona 5 Royal,spanish,309,6.1
sega_atlus,Persona 5 Royal,swedish,3,0.1
sega_atlus,Persona 5 Royal,tchinese,78,1.5
sega_atlus,Persona 5 Royal,thai,23,0.5
sega_atlus,Persona 5 Royal,turkish,46,0.9
sega_atlus,Persona 5 Royal,ukrainian,21,0.4
sega_atlus,Persona 5 Royal,vietnamese,6,0.1
sega_atlus,Sonic Frontiers,brazilian,532,10.4
sega_atlus,Sonic Frontiers,czech,7,0.1
sega_atlus,Sonic Frontiers,danish,4,0.1
sega_atlus,Sonic Frontiers,dutch,5,0.1
sega_atlus,Sonic Frontiers,english,2820,55.4
sega_atlus,Sonic Frontiers,finnish,4,0.1
sega_atlus,Sonic Frontiers,french,135,2.7
sega_atlus,Sonic Frontiers,german,79,1.6
sega_atlus,Sonic Frontiers,greek,5,0.1
sega_atlus,Sonic Frontiers,hungarian,4,0.1
sega_atlus,Sonic Frontiers,indonesian,4,0.1
sega_atlus,Sonic Frontiers,italian,43,0.8
sega_atlus,Sonic Frontiers,japanese,41,0.8
sega_atlus,Sonic Frontiers,koreana,64,1.3
sega_atlus,Sonic Frontiers,latam,194,3.8
sega_atlus,Sonic Frontiers,norwegian,1,0.0
sega_atlus,Sonic Frontiers,polish,63,1.2
sega_atlus,Sonic Frontiers,portuguese,9,0.2
sega_atlus,Sonic Frontiers,romanian,1,0.0
sega_atlus,Sonic Frontiers,russian,306,6.0
sega_atlus,Sonic Frontiers,schinese,175,3.4
sega_atlus,Sonic Frontiers,spanish,482,9.5
sega_atlus,Sonic Frontiers,swedish,6,0.1
sega_atlus,Sonic Frontiers,tchinese,29,0.6
sega_atlus,Sonic Frontiers,thai,5,0.1
sega_atlus,Sonic Frontiers,turkish,39,0.8
sega_atlus,Sonic Frontiers,ukrainian,33,0.6
sega_atlus,Sonic Frontiers,vietnamese,2,0.0
sega_atlus,Sonic Superstars,brazilian,190,5.4
sega_atlus,Sonic Superstars,bulgarian,1,0.0
sega_atlus,Sonic Superstars,czech,5,0.1
sega_atlus,Sonic Superstars,danish,2,0.1
sega_atlus,Sonic Superstars,dutch,1,0.0
sega_atlus,Sonic Superstars,english,2588,73.2
sega_atlus,Sonic Superstars,finnish,5,0.1
sega_atlus,Sonic Superstars,french,78,2.2
sega_atlus,Sonic Superstars,german,46,1.3
sega_atlus,Sonic Superstars,greek,1,0.0
sega_atlus,Sonic Superstars,hungarian,6,0.2
sega_atlus,Sonic Superstars,italian,24,0.7
sega_atlus,Sonic Superstars,japanese,11,0.3
sega_atlus,Sonic Superstars,koreana,70,2.0
sega_atlus,Sonic Superstars,latam,69,2.0
sega_atlus,Sonic Superstars,norwegian,1,0.0
sega_atlus,Sonic Superstars,polish,41,1.2
sega_atlus,Sonic Superstars,portuguese,12,0.3
sega_atlus,Sonic Superstars,romanian,1,0.0
sega_atlus,Sonic Superstars,russian,66,1.9
sega_atlus,Sonic Superstars,schinese,97,2.7
sega_atlus,Sonic Superstars,spanish,186,5.3
sega_atlus,Sonic Superstars,swedish,1,0.0
sega_atlus,Sonic Superstars,tchinese,13,0.4
sega_atlus,Sonic Superstars,thai,4,0.1
sega_atlus,Sonic Superstars,turkish,9,0.3
sega_atlus,Sonic Superstars,ukrainian,6,0.2
sega_atlus,Two Point Campus,brazilian,158,3.2
sega_atlus,Two Point Campus,bulgarian,1,0.0
sega_atlus,Two Point Campus,czech,15,0.3
sega_atlus,Two Point Campus,danish,12,0.2
sega_atlus,Two Point Campus,dutch,36,0.7
sega_atlus,Two Point Campus,english,2173,43.7
sega_atlus,Two Point Campus,finnish,7,0.1
sega_atlus,Two Point Campus,french,182,3.7
sega_atlus,Two Point Campus,german,211,4.2
sega_atlus,Two Point Campus,greek,2,0.0
sega_atlus,Two Point Campus,hungarian,15,0.3
sega_atlus,Two Point Campus,indonesian,5,0.1
sega_atlus,Two Point Campus,italian,51,1.0
sega_atlus,Two Point Campus,japanese,12,0.2
sega_atlus,Two Point Campus,koreana,126,2.5
sega_atlus,Two Point Campus,latam,26,0.5
sega_atlus,Two Point Campus,norwegian,6,0.1
sega_atlus,Two Point Campus,polish,89,1.8
sega_atlus,Two Point Campus,portuguese,11,0.2
sega_atlus,Two Point Campus,romanian,1,0.0
sega_atlus,Two Point Campus,russian,39,0.8
sega_atlus,Two Point Campus,schinese,1381,27.7
sega_atlus,Two Point Campus,spanish,179,3.6
sega_atlus,Two Point Campus,swedish,14,0.3
sega_atlus,Two Point Campus,tchinese,89,1.8
sega_atlus,Two Point Campus,thai,58,1.2
sega_atlus,Two Point Campus,turkish,69,1.4
sega_atlus,Two Point Campus,ukrainian,9,0.2
sega_atlus,Two Point Campus,vietnamese,1,0.0
sega_atlus,Yakuza: Like a Dragon,brazilian,315,6.3
sega_atlus,Yakuza: Like a Dragon,bulgarian,1,0.0
sega_atlus,Yakuza: Like a Dragon,czech,7,0.1
sega_atlus,Yakuza: Like a Dragon,danish,1,0.0
sega_atlus,Yakuza: Like a Dragon,dutch,5,0.1
sega_atlus,Yakuza: Like a Dragon,english,2233,44.8
sega_atlus,Yakuza: Like a Dragon,finnish,2,0.0
sega_atlus,Yakuza: Like a Dragon,french,129,2.6
sega_atlus,Yakuza: Like a Dragon,german,75,1.5
sega_atlus,Yakuza: Like a Dragon,greek,1,0.0
sega_atlus,Yakuza: Like a Dragon,hungarian,5,0.1
sega_atlus,Yakuza: Like a Dragon,indonesian,7,0.1
sega_atlus,Yakuza: Like a Dragon,italian,39,0.8
sega_atlus,Yakuza: Like a Dragon,japanese,101,2.0
sega_atlus,Yakuza: Like a Dragon,koreana,302,6.1
sega_atlus,Yakuza: Like a Dragon,latam,86,1.7
sega_atlus,Yakuza: Like a Dragon,norwegian,2,0.0
sega_atlus,Yakuza: Like a Dragon,polish,50,1.0
sega_atlus,Yakuza: Like a Dragon,portuguese,9,0.2
sega_atlus,Yakuza: Like a Dragon,romanian,2,0.0
sega_atlus,Yakuza: Like a Dragon,russian,226,4.5
sega_atlus,Yakuza: Like a Dragon,schinese,894,17.9
sega_atlus,Yakuza: Like a Dragon,spanish,275,5.5
sega_atlus,Yakuza: Like a Dragon,swedish,3,0.1
sega_atlus,Yakuza: Like a Dragon,tchinese,92,1.8
sega_atlus,Yakuza: Like a Dragon,thai,29,0.6
sega_atlus,Yakuza: Like a Dragon,turkish,56,1.1
sega_atlus,Yakuza: Like a Dragon,ukrainian,30,0.6
sega_atlus,Yakuza: Like a Dragon,vietnamese,6,0.1
sie,God of War (2018),brazilian,848,16.7
sie,God of War (2018),bulgarian,2,0.0
sie,God of War (2018),czech,37,0.7
sie,God of War (2018),danish,5,0.1
sie,God of War (2018),dutch,10,0.2
sie,God of War (2018),english,1868,36.8
sie,God of War (2018),finnish,4,0.1
sie,God of War (2018),french,97,1.9
sie,God of War (2018),german,99,2.0
sie,God of War (2018),greek,2,0.0
sie,God of War (2018),hungarian,20,0.4
sie,God of War (2018),indonesian,9,0.2
sie,God of War (2018),italian,53,1.0
sie,God of War (2018),japanese,2,0.0
sie,God of War (2018),koreana,101,2.0
sie,God of War (2018),latam,150,3.0
sie,God of War (2018),norwegian,5,0.1
sie,God of War (2018),polish,136,2.7
sie,God of War (2018),portuguese,20,0.4
sie,God of War (2018),romanian,4,0.1
sie,God of War (2018),russian,582,11.5
sie,God of War (2018),schinese,249,4.9
sie,God of War (2018),spanish,456,9.0
sie,God of War (2018),swedish,6,0.1
sie,God of War (2018),tchinese,20,0.4
sie,God of War (2018),thai,17,0.3
sie,God of War (2018),turkish,200,3.9
sie,God of War (2018),ukrainian,64,1.3
sie,God of War (2018),vietnamese,9,0.2
sie,God of War Ragnarök,brazilian,488,9.6
sie,God of War Ragnarök,bulgarian,1,0.0
sie,God of War Ragnarök,czech,44,0.9
sie,God of War Ragnarök,danish,9,0.2
sie,God of War Ragnarök,dutch,9,0.2
sie,God of War Ragnarök,english,2161,42.6
sie,God of War Ragnarök,finnish,10,0.2
sie,God of War Ragnarök,french,112,2.2
sie,God of War Ragnarök,german,138,2.7
sie,God of War Ragnarök,greek,6,0.1
sie,God of War Ragnarök,hungarian,22,0.4
sie,God of War Ragnarök,indonesian,2,0.0
sie,God of War Ragnarök,italian,60,1.2
sie,God of War Ragnarök,japanese,9,0.2
sie,God of War Ragnarök,koreana,90,1.8
sie,God of War Ragnarök,latam,136,2.7
sie,God of War Ragnarök,norwegian,9,0.2
sie,God of War Ragnarök,polish,164,3.2
sie,God of War Ragnarök,portuguese,16,0.3
sie,God of War Ragnarök,romanian,1,0.0
sie,God of War Ragnarök,russian,562,11.1
sie,God of War Ragnarök,schinese,339,6.7
sie,God of War Ragnarök,spanish,379,7.5
sie,God of War Ragnarök,swedish,14,0.3
sie,God of War Ragnarök,tchinese,30,0.6
sie,God of War Ragnarök,thai,16,0.3
sie,God of War Ragnarök,turkish,195,3.8
sie,God of War Ragnarök,ukrainian,49,1.0
sie,God of War Ragnarök,vietnamese,1,0.0
sie,Helldivers 2,brazilian,87,1.7
sie,Helldivers 2,czech,21,0.4
sie,Helldivers 2,danish,10,0.2
sie,Helldivers 2,dutch,6,0.1
sie,Helldivers 2,english,3227,63.5
sie,Helldivers 2,finnish,6,0.1
sie,Helldivers 2,french,133,2.6
sie,Helldivers 2,german,120,2.4
sie,Helldivers 2,greek,1,0.0
sie,Helldivers 2,hungarian,12,0.2
sie,Helldivers 2,indonesian,3,0.1
sie,Helldivers 2,italian,31,0.6
sie,Helldivers 2,japanese,10,0.2
sie,Helldivers 2,koreana,85,1.7
sie,Helldivers 2,latam,78,1.5
sie,Helldivers 2,norwegian,2,0.0
sie,Helldivers 2,polish,64,1.3
sie,Helldivers 2,portuguese,5,0.1
sie,Helldivers 2,romanian,2,0.0
sie,Helldivers 2,russian,358,7.0
sie,Helldivers 2,schinese,447,8.8
sie,Helldivers 2,spanish,214,4.2
sie,Helldivers 2,swedish,17,0.3
sie,Helldivers 2,tchinese,41,0.8
sie,Helldivers 2,thai,25,0.5
sie,Helldivers 2,turkish,36,0.7
sie,Helldivers 2,ukrainian,42,0.8
sie,Helldivers 2,vietnamese,1,0.0
sie,Horizon Forbidden West,brazilian,370,7.5
sie,Horizon Forbidden West,bulgarian,1,0.0
sie,Horizon Forbidden West,czech,61,1.2
sie,Horizon Forbidden West,danish,4,0.1
sie,Horizon Forbidden West,dutch,23,0.5
sie,Horizon Forbidden West,english,2200,44.3
sie,Horizon Forbidden West,finnish,12,0.2
sie,Horizon Forbidden West,french,197,4.0
sie,Horizon Forbidden West,german,323,6.5
sie,Horizon Forbidden West,greek,5,0.1
sie,Horizon Forbidden West,hungarian,17,0.3
sie,Horizon Forbidden West,indonesian,4,0.1
sie,Horizon Forbidden West,italian,98,2.0
sie,Horizon Forbidden West,japanese,22,0.4
sie,Horizon Forbidden West,koreana,133,2.7
sie,Horizon Forbidden West,latam,86,1.7
sie,Horizon Forbidden West,norwegian,6,0.1
sie,Horizon Forbidden West,polish,184,3.7
sie,Horizon Forbidden West,portuguese,15,0.3
sie,Horizon Forbidden West,romanian,4,0.1
sie,Horizon Forbidden West,russian,327,6.6
sie,Horizon Forbidden West,schinese,425,8.6
sie,Horizon Forbidden West,spanish,240,4.8
sie,Horizon Forbidden West,swedish,15,0.3
sie,Horizon Forbidden West,tchinese,61,1.2
sie,Horizon Forbidden West,thai,14,0.3
sie,Horizon Forbidden West,turkish,55,1.1
sie,Horizon Forbidden West,ukrainian,61,1.2
sie,Horizon Zero Dawn,brazilian,616,12.2
sie,Horizon Zero Dawn,bulgarian,2,0.0
sie,Horizon Zero Dawn,czech,58,1.1
sie,Horizon Zero Dawn,danish,7,0.1
sie,Horizon Zero Dawn,dutch,22,0.4
sie,Horizon Zero Dawn,english,2226,44.0
sie,Horizon Zero Dawn,finnish,10,0.2
sie,Horizon Zero Dawn,french,175,3.5
sie,Horizon Zero Dawn,german,240,4.7
sie,Horizon Zero Dawn,greek,2,0.0
sie,Horizon Zero Dawn,hungarian,19,0.4
sie,Horizon Zero Dawn,indonesian,5,0.1
sie,Horizon Zero Dawn,italian,63,1.2
sie,Horizon Zero Dawn,japanese,4,0.1
sie,Horizon Zero Dawn,koreana,104,2.1
sie,Horizon Zero Dawn,latam,103,2.0
sie,Horizon Zero Dawn,norwegian,5,0.1
sie,Horizon Zero Dawn,polish,167,3.3
sie,Horizon Zero Dawn,portuguese,19,0.4
sie,Horizon Zero Dawn,romanian,3,0.1
sie,Horizon Zero Dawn,russian,306,6.0
sie,Horizon Zero Dawn,schinese,302,6.0
sie,Horizon Zero Dawn,spanish,332,6.6
sie,Horizon Zero Dawn,swedish,8,0.2
sie,Horizon Zero Dawn,tchinese,42,0.8
sie,Horizon Zero Dawn,thai,8,0.2
sie,Horizon Zero Dawn,turkish,127,2.5
sie,Horizon Zero Dawn,ukrainian,87,1.7
sie,Marvel's Spider-Man Remastered,brazilian,584,11.7
sie,Marvel's Spider-Man Remastered,czech,29,0.6
sie,Marvel's Spider-Man Remastered,danish,5,0.1
sie,Marvel's Spider-Man Remastered,dutch,16,0.3
sie,Marvel's Spider-Man Remastered,english,2031,40.8
sie,Marvel's Spider-Man Remastered,finnish,6,0.1
sie,Marvel's Spider-Man Remastered,french,124,2.5
sie,Marvel's Spider-Man Remastered,german,93,1.9
sie,Marvel's Spider-Man Remastered,greek,4,0.1
sie,Marvel's Spider-Man Remastered,hungarian,11,0.2
sie,Marvel's Spider-Man Remastered,indonesian,6,0.1
sie,Marvel's Spider-Man Remastered,italian,53,1.1
sie,Marvel's Spider-Man Remastered,japanese,4,0.1
sie,Marvel's Spider-Man Remastered,koreana,113,2.3
sie,Marvel's Spider-Man Remastered,latam,159,3.2
sie,Marvel's Spider-Man Remastered,norwegian,4,0.1
sie,Marvel's Spider-Man Remastered,polish,139,2.8
sie,Marvel's Spider-Man Remastered,portuguese,20,0.4
sie,Marvel's Spider-Man Remastered,romanian,3,0.1
sie,Marvel's Spider-Man Remastered,russian,608,12.2
sie,Marvel's Spider-Man Remastered,schinese,373,7.5
sie,Marvel's Spider-Man Remastered,spanish,372,7.5
sie,Marvel's Spider-Man Remastered,swedish,15,0.3
sie,Marvel's Spider-Man Remastered,tchinese,35,0.7
sie,Marvel's Spider-Man Remastered,thai,13,0.3
sie,Marvel's Spider-Man Remastered,turkish,102,2.0
sie,Marvel's Spider-Man Remastered,ukrainian,48,1.0
sie,Marvel's Spider-Man Remastered,vietnamese,6,0.1
sie,Marvel's Spider-Man: Miles Morales,brazilian,689,13.9
sie,Marvel's Spider-Man: Miles Morales,bulgarian,1,0.0
sie,Marvel's Spider-Man: Miles Morales,czech,32,0.6
sie,Marvel's Spider-Man: Miles Morales,danish,6,0.1
sie,Marvel's Spider-Man: Miles Morales,dutch,8,0.2
sie,Marvel's Spider-Man: Miles Morales,english,1887,37.9
sie,Marvel's Spider-Man: Miles Morales,finnish,5,0.1
sie,Marvel's Spider-Man: Miles Morales,french,129,2.6
sie,Marvel's Spider-Man: Miles Morales,german,145,2.9
sie,Marvel's Spider-Man: Miles Morales,greek,3,0.1
sie,Marvel's Spider-Man: Miles Morales,hungarian,15,0.3
sie,Marvel's Spider-Man: Miles Morales,indonesian,7,0.1
sie,Marvel's Spider-Man: Miles Morales,italian,52,1.0
sie,Marvel's Spider-Man: Miles Morales,japanese,11,0.2
sie,Marvel's Spider-Man: Miles Morales,koreana,87,1.7
sie,Marvel's Spider-Man: Miles Morales,latam,107,2.2
sie,Marvel's Spider-Man: Miles Morales,norwegian,4,0.1
sie,Marvel's Spider-Man: Miles Morales,polish,178,3.6
sie,Marvel's Spider-Man: Miles Morales,portuguese,20,0.4
sie,Marvel's Spider-Man: Miles Morales,romanian,1,0.0
sie,Marvel's Spider-Man: Miles Morales,russian,767,15.4
sie,Marvel's Spider-Man: Miles Morales,schinese,321,6.5
sie,Marvel's Spider-Man: Miles Morales,spanish,286,5.8
sie,Marvel's Spider-Man: Miles Morales,swedish,13,0.3
sie,Marvel's Spider-Man: Miles Morales,tchinese,28,0.6
sie,Marvel's Spider-Man: Miles Morales,thai,17,0.3
sie,Marvel's Spider-Man: Miles Morales,turkish,86,1.7
sie,Marvel's Spider-Man: Miles Morales,ukrainian,62,1.2
sie,Marvel's Spider-Man: Miles Morales,vietnamese,6,0.1
sie,Ratchet & Clank: Rift Apart,brazilian,244,4.8
sie,Ratchet & Clank: Rift Apart,czech,43,0.8
sie,Ratchet & Clank: Rift Apart,danish,2,0.0
sie,Ratchet & Clank: Rift Apart,dutch,20,0.4
sie,Ratchet & Clank: Rift Apart,english,2799,55.2
sie,Ratchet & Clank: Rift Apart,finnish,20,0.4
sie,Ratchet & Clank: Rift Apart,french,284,5.6
sie,Ratchet & Clank: Rift Apart,german,228,4.5
sie,Ratchet & Clank: Rift Apart,greek,8,0.2
sie,Ratchet & Clank: Rift Apart,hungarian,16,0.3
sie,Ratchet & Clank: Rift Apart,indonesian,1,0.0
sie,Ratchet & Clank: Rift Apart,italian,102,2.0
sie,Ratchet & Clank: Rift Apart,japanese,57,1.1
sie,Ratchet & Clank: Rift Apart,koreana,105,2.1
sie,Ratchet & Clank: Rift Apart,latam,97,1.9
sie,Ratchet & Clank: Rift Apart,norwegian,9,0.2
sie,Ratchet & Clank: Rift Apart,polish,92,1.8
sie,Ratchet & Clank: Rift Apart,portuguese,18,0.4
sie,Ratchet & Clank: Rift Apart,romanian,2,0.0
sie,Ratchet & Clank: Rift Apart,russian,220,4.3
sie,Ratchet & Clank: Rift Apart,schinese,209,4.1
sie,Ratchet & Clank: Rift Apart,spanish,387,7.6
sie,Ratchet & Clank: Rift Apart,swedish,16,0.3
sie,Ratchet & Clank: Rift Apart,tchinese,20,0.4
sie,Ratchet & Clank: Rift Apart,thai,7,0.1
sie,Ratchet & Clank: Rift Apart,turkish,29,0.6
sie,Ratchet & Clank: Rift Apart,ukrainian,34,0.7
sie,Ratchet & Clank: Rift Apart,vietnamese,2,0.0
sie,Returnal,brazilian,167,3.4
sie,Returnal,czech,31,0.6
sie,Returnal,danish,3,0.1
sie,Returnal,dutch,6,0.1
sie,Returnal,english,3396,68.2
sie,Returnal,finnish,4,0.1
sie,Returnal,french,243,4.9
sie,Returnal,german,183,3.7
sie,Returnal,greek,2,0.0
sie,Returnal,hungarian,16,0.3
sie,Returnal,italian,89,1.8
sie,Returnal,japanese,26,0.5
sie,Returnal,koreana,64,1.3
sie,Returnal,latam,55,1.1
sie,Returnal,norwegian,4,0.1
sie,Returnal,polish,64,1.3
sie,Returnal,portuguese,6,0.1
sie,Returnal,romanian,1,0.0
sie,Returnal,russian,192,3.9
sie,Returnal,schinese,150,3.0
sie,Returnal,spanish,171,3.4
sie,Returnal,swedish,13,0.3
sie,Returnal,tchinese,15,0.3
sie,Returnal,thai,13,0.3
sie,Returnal,turkish,39,0.8
sie,Returnal,ukrainian,24,0.5
sie,Returnal,vietnamese,1,0.0
sie,The Last of Us Part I,brazilian,499,9.8
sie,The Last of Us Part I,czech,39,0.8
sie,The Last of Us Part I,danish,9,0.2
sie,The Last of Us Part I,dutch,16,0.3
sie,The Last of Us Part I,english,1571,31.0
sie,The Last of Us Part I,finnish,8,0.2
sie,The Last of Us Part I,french,153,3.0
sie,The Last of Us Part I,german,154,3.0
sie,The Last of Us Part I,greek,6,0.1
sie,The Last of Us Part I,hungarian,11,0.2
sie,The Last of Us Part I,indonesian,2,0.0
sie,The Last of Us Part I,italian,39,0.8
sie,The Last of Us Part I,japanese,11,0.2
sie,The Last of Us Part I,koreana,131,2.6
sie,The Last of Us Part I,latam,99,2.0
sie,The Last of Us Part I,norwegian,6,0.1
sie,The Last of Us Part I,polish,165,3.3
sie,The Last of Us Part I,portuguese,14,0.3
sie,The Last of Us Part I,romanian,3,0.1
sie,The Last of Us Part I,russian,801,15.8
sie,The Last of Us Part I,schinese,708,14.0
sie,The Last of Us Part I,spanish,289,5.7
sie,The Last of Us Part I,swedish,29,0.6
sie,The Last of Us Part I,tchinese,21,0.4
sie,The Last of Us Part I,thai,12,0.2
sie,The Last of Us Part I,turkish,205,4.0
sie,The Last of Us Part I,ukrainian,67,1.3
sie,The Last of Us Part I,vietnamese,1,0.0
square_enix,Dragon Quest XI S,brazilian,157,3.2
square_enix,Dragon Quest XI S,czech,2,0.0
square_enix,Dragon Quest XI S,danish,2,0.0
square_enix,Dragon Quest XI S,dutch,6,0.1
square_enix,Dragon Quest XI S,english,2003,40.2
square_enix,Dragon Quest XI S,finnish,4,0.1
square_enix,Dragon Quest XI S,french,223,4.5
square_enix,Dragon Quest XI S,german,114,2.3
square_enix,Dragon Quest XI S,greek,1,0.0
square_enix,Dragon Quest XI S,indonesian,1,0.0
square_enix,Dragon Quest XI S,italian,71,1.4
square_enix,Dragon Quest XI S,japanese,532,10.7
square_enix,Dragon Quest XI S,koreana,331,6.6
square_enix,Dragon Quest XI S,latam,46,0.9
square_enix,Dragon Quest XI S,polish,6,0.1
square_enix,Dragon Quest XI S,portuguese,6,0.1
square_enix,Dragon Quest XI S,russian,27,0.5
square_enix,Dragon Quest XI S,schinese,945,19.0
square_enix,Dragon Quest XI S,spanish,278,5.6
square_enix,Dragon Quest XI S,swedish,3,0.1
square_enix,Dragon Quest XI S,tchinese,197,4.0
square_enix,Dragon Quest XI S,thai,11,0.2
square_enix,Dragon Quest XI S,turkish,6,0.1
square_enix,Dragon Quest XI S,ukrainian,7,0.1
square_enix,Dragon Quest XI S,vietnamese,2,0.0
square_enix,Final Fantasy VII Rebirth,brazilian,291,5.7
square_enix,Final Fantasy VII Rebirth,czech,12,0.2
square_enix,Final Fantasy VII Rebirth,danish,2,0.0
square_enix,Final Fantasy VII Rebirth,dutch,8,0.2
square_enix,Final Fantasy VII Rebirth,english,2193,43.1
square_enix,Final Fantasy VII Rebirth,finnish,10,0.2
square_enix,Final Fantasy VII Rebirth,french,148,2.9
square_enix,Final Fantasy VII Rebirth,german,147,2.9
square_enix,Final Fantasy VII Rebirth,greek,1,0.0
square_enix,Final Fantasy VII Rebirth,hungarian,3,0.1
square_enix,Final Fantasy VII Rebirth,indonesian,2,0.0
square_enix,Final Fantasy VII Rebirth,italian,48,0.9
square_enix,Final Fantasy VII Rebirth,japanese,88,1.7
square_enix,Final Fantasy VII Rebirth,koreana,90,1.8
square_enix,Final Fantasy VII Rebirth,latam,67,1.3
square_enix,Final Fantasy VII Rebirth,norwegian,5,0.1
square_enix,Final Fantasy VII Rebirth,polish,38,0.7
square_enix,Final Fantasy VII Rebirth,portuguese,14,0.3
square_enix,Final Fantasy VII Rebirth,romanian,2,0.0
square_enix,Final Fantasy VII Rebirth,russian,145,2.9
square_enix,Final Fantasy VII Rebirth,schinese,1313,25.8
square_enix,Final Fantasy VII Rebirth,spanish,243,4.8
square_enix,Final Fantasy VII Rebirth,swedish,7,0.1
square_enix,Final Fantasy VII Rebirth,tchinese,108,2.1
square_enix,Final Fantasy VII Rebirth,thai,26,0.5
square_enix,Final Fantasy VII Rebirth,turkish,53,1.0
square_enix,Final Fantasy VII Rebirth,ukrainian,12,0.2
square_enix,Final Fantasy VII Rebirth,vietnamese,8,0.2
square_enix,Final Fantasy VII Remake Intergrade,brazilian,377,7.6
square_enix,Final Fantasy VII Remake Intergrade,czech,10,0.2
square_enix,Final Fantasy VII Remake Intergrade,danish,4,0.1
square_enix,Final Fantasy VII Remake Intergrade,dutch,8,0.2
square_enix,Final Fantasy VII Remake Intergrade,english,2051,41.3
square_enix,Final Fantasy VII Remake Intergrade,finnish,5,0.1
square_enix,Final Fantasy VII Remake Intergrade,french,130,2.6
square_enix,Final Fantasy VII Remake Intergrade,german,102,2.1
square_enix,Final Fantasy VII Remake Intergrade,greek,3,0.1
square_enix,Final Fantasy VII Remake Intergrade,hungarian,3,0.1
square_enix,Final Fantasy VII Remake Intergrade,indonesian,3,0.1
square_enix,Final Fantasy VII Remake Intergrade,italian,44,0.9
square_enix,Final Fantasy VII Remake Intergrade,japanese,53,1.1
square_enix,Final Fantasy VII Remake Intergrade,koreana,80,1.6
square_enix,Final Fantasy VII Remake Intergrade,latam,86,1.7
square_enix,Final Fantasy VII Remake Intergrade,norwegian,2,0.0
square_enix,Final Fantasy VII Remake Intergrade,polish,50,1.0
square_enix,Final Fantasy VII Remake Intergrade,portuguese,20,0.4
square_enix,Final Fantasy VII Remake Intergrade,russian,136,2.7
square_enix,Final Fantasy VII Remake Intergrade,schinese,1364,27.4
square_enix,Final Fantasy VII Remake Intergrade,spanish,264,5.3
square_enix,Final Fantasy VII Remake Intergrade,swedish,5,0.1
square_enix,Final Fantasy VII Remake Intergrade,tchinese,71,1.4
square_enix,Final Fantasy VII Remake Intergrade,thai,27,0.5
square_enix,Final Fantasy VII Remake Intergrade,turkish,54,1.1
square_enix,Final Fantasy VII Remake Intergrade,ukrainian,14,0.3
square_enix,Final Fantasy VII Remake Intergrade,vietnamese,5,0.1
square_enix,Final Fantasy XIV Online,brazilian,286,5.6
square_enix,Final Fantasy XIV Online,bulgarian,1,0.0
square_enix,Final Fantasy XIV Online,czech,15,0.3
square_enix,Final Fantasy XIV Online,danish,2,0.0
square_enix,Final Fantasy XIV Online,dutch,15,0.3
square_enix,Final Fantasy XIV Online,english,3867,76.2
square_enix,Final Fantasy XIV Online,finnish,6,0.1
square_enix,Final Fantasy XIV Online,french,195,3.8
square_enix,Final Fantasy XIV Online,german,231,4.6
square_enix,Final Fantasy XIV Online,hungarian,3,0.1
square_enix,Final Fantasy XIV Online,italian,26,0.5
square_enix,Final Fantasy XIV Online,japanese,52,1.0
square_enix,Final Fantasy XIV Online,koreana,5,0.1
square_enix,Final Fantasy XIV Online,latam,36,0.7
square_enix,Final Fantasy XIV Online,norwegian,3,0.1
square_enix,Final Fantasy XIV Online,polish,35,0.7
square_enix,Final Fantasy XIV Online,portuguese,13,0.3
square_enix,Final Fantasy XIV Online,russian,96,1.9
square_enix,Final Fantasy XIV Online,schinese,14,0.3
square_enix,Final Fantasy XIV Online,spanish,102,2.0
square_enix,Final Fantasy XIV Online,swedish,13,0.3
square_enix,Final Fantasy XIV Online,tchinese,12,0.2
square_enix,Final Fantasy XIV Online,turkish,37,0.7
square_enix,Final Fantasy XIV Online,ukrainian,10,0.2
square_enix,Final Fantasy XVI,brazilian,329,6.6
square_enix,Final Fantasy XVI,bulgarian,1,0.0
square_enix,Final Fantasy XVI,czech,7,0.1
square_enix,Final Fantasy XVI,danish,2,0.0
square_enix,Final Fantasy XVI,dutch,14,0.3
square_enix,Final Fantasy XVI,english,2392,48.0
square_enix,Final Fantasy XVI,finnish,4,0.1
square_enix,Final Fantasy XVI,french,142,2.9
square_enix,Final Fantasy XVI,german,150,3.0
square_enix,Final Fantasy XVI,greek,3,0.1
square_enix,Final Fantasy XVI,hungarian,4,0.1
square_enix,Final Fantasy XVI,indonesian,8,0.2
square_enix,Final Fantasy XVI,italian,66,1.3
square_enix,Final Fantasy XVI,japanese,122,2.4
square_enix,Final Fantasy XVI,koreana,172,3.5
square_enix,Final Fantasy XVI,latam,105,2.1
square_enix,Final Fantasy XVI,norwegian,3,0.1
square_enix,Final Fantasy XVI,polish,72,1.4
square_enix,Final Fantasy XVI,portuguese,10,0.2
square_enix,Final Fantasy XVI,russian,112,2.2
square_enix,Final Fantasy XVI,schinese,817,16.4
square_enix,Final Fantasy XVI,spanish,256,5.1
square_enix,Final Fantasy XVI,swedish,4,0.1
square_enix,Final Fantasy XVI,tchinese,87,1.7
square_enix,Final Fantasy XVI,thai,23,0.5
square_enix,Final Fantasy XVI,turkish,47,0.9
square_enix,Final Fantasy XVI,ukrainian,25,0.5
square_enix,Final Fantasy XVI,vietnamese,4,0.1
square_enix,Forspoken,brazilian,123,2.5
square_enix,Forspoken,bulgarian,1,0.0
square_enix,Forspoken,czech,23,0.5
square_enix,Forspoken,danish,5,0.1
square_enix,Forspoken,dutch,23,0.5
square_enix,Forspoken,english,2726,54.7
square_enix,Forspoken,finnish,4,0.1
square_enix,Forspoken,french,328,6.6
square_enix,Forspoken,german,482,9.7
square_enix,Forspoken,greek,6,0.1
square_enix,Forspoken,hungarian,16,0.3
square_enix,Forspoken,indonesian,1,0.0
square_enix,Forspoken,italian,113,2.3
square_enix,Forspoken,japanese,116,2.3
square_enix,Forspoken,koreana,115,2.3
square_enix,Forspoken,latam,23,0.5
square_enix,Forspoken,norwegian,7,0.1
square_enix,Forspoken,polish,56,1.1
square_enix,Forspoken,portuguese,11,0.2
square_enix,Forspoken,romanian,2,0.0
square_enix,Forspoken,russian,119,2.4
square_enix,Forspoken,schinese,369,7.4
square_enix,Forspoken,spanish,141,2.8
square_enix,Forspoken,swedish,10,0.2
square_enix,Forspoken,tchinese,80,1.6
square_enix,Forspoken,thai,20,0.4
square_enix,Forspoken,turkish,48,1.0
square_enix,Forspoken,ukrainian,16,0.3
square_enix,Forspoken,vietnamese,2,0.0
square_enix,Marvel's Avengers,brazilian,517,10.4
square_enix,Marvel's Avengers,bulgarian,1,0.0
square_enix,Marvel's Avengers,czech,40,0.8
square_enix,Marvel's Avengers,danish,11,0.2
square_enix,Marvel's Avengers,dutch,12,0.2
square_enix,Marvel's Avengers,english,1677,33.6
square_enix,Marvel's Avengers,finnish,1,0.0
square_enix,Marvel's Avengers,french,101,2.0
square_enix,Marvel's Avengers,german,85,1.7
square_enix,Marvel's Avengers,greek,2,0.0
square_enix,Marvel's Avengers,hungarian,12,0.2
square_enix,Marvel's Avengers,indonesian,6,0.1
square_enix,Marvel's Avengers,italian,41,0.8
square_enix,Marvel's Avengers,japanese,10,0.2
square_enix,Marvel's Avengers,koreana,66,1.3
square_enix,Marvel's Avengers,latam,82,1.6
square_enix,Marvel's Avengers,polish,138,2.8
square_enix,Marvel's Avengers,portuguese,16,0.3
square_enix,Marvel's Avengers,romanian,6,0.1
square_enix,Marvel's Avengers,russian,423,8.5
square_enix,Marvel's Avengers,schinese,1097,22.0
square_enix,Marvel's Avengers,spanish,230,4.6
square_enix,Marvel's Avengers,swedish,7,0.1
square_enix,Marvel's Avengers,tchinese,37,0.7
square_enix,Marvel's Avengers,thai,27,0.5
square_enix,Marvel's Avengers,turkish,304,6.1
square_enix,Marvel's Avengers,ukrainian,33,0.7
square_enix,Marvel's Avengers,vietnamese,3,0.1
square_enix,NieR Replicant,brazilian,217,4.4
square_enix,NieR Replicant,czech,7,0.1
square_enix,NieR Replicant,danish,2,0.0
square_enix,NieR Replicant,dutch,1,0.0
square_enix,NieR Replicant,english,2708,54.3
square_enix,NieR Replicant,finnish,4,0.1
square_enix,NieR Replicant,french,190,3.8
square_enix,NieR Replicant,german,101,2.0
square_enix,NieR Replicant,greek,4,0.1
square_enix,NieR Replicant,hungarian,4,0.1
square_enix,NieR Replicant,italian,53,1.1
square_enix,NieR Replicant,japanese,97,1.9
square_enix,NieR Replicant,koreana,124,2.5
square_enix,NieR Replicant,latam,122,2.4
square_enix,NieR Replicant,polish,40,0.8
square_enix,NieR Replicant,portuguese,7,0.1
square_enix,NieR Replicant,romanian,1,0.0
square_enix,NieR Replicant,russian,238,4.8
square_enix,NieR Replicant,schinese,512,10.3
square_enix,NieR Replicant,spanish,333,6.7
square_enix,NieR Replicant,swedish,1,0.0
square_enix,NieR Replicant,tchinese,86,1.7
square_enix,NieR Replicant,thai,10,0.2
square_enix,NieR Replicant,turkish,73,1.5
square_enix,NieR Replicant,ukrainian,47,0.9
square_enix,NieR Replicant,vietnamese,5,0.1
square_enix,NieR: Automata,brazilian,331,6.6
square_enix,NieR: Automata,bulgarian,2,0.0
square_enix,NieR: Automata,czech,5,0.1
square_enix,NieR: Automata,danish,2,0.0
square_enix,NieR: Automata,dutch,4,0.1
square_enix,NieR: Automata,english,2224,44.6
square_enix,NieR: Automata,finnish,5,0.1
square_enix,NieR: Automata,french,127,2.5
square_enix,NieR: Automata,german,86,1.7
square_enix,NieR: Automata,greek,1,0.0
square_enix,NieR: Automata,hungarian,6,0.1
square_enix,NieR: Automata,indonesian,4,0.1
square_enix,NieR: Automata,italian,47,0.9
square_enix,NieR: Automata,japanese,60,1.2
square_enix,NieR: Automata,koreana,101,2.0
square_enix,NieR: Automata,latam,150,3.0
square_enix,NieR: Automata,norwegian,1,0.0
square_enix,NieR: Automata,polish,71,1.4
square_enix,NieR: Automata,portuguese,4,0.1
square_enix,NieR: Automata,romanian,2,0.0
square_enix,NieR: Automata,russian,524,10.5
square_enix,NieR: Automata,schinese,577,11.6
square_enix,NieR: Automata,spanish,418,8.4
square_enix,NieR: Automata,swedish,4,0.1
square_enix,NieR: Automata,tchinese,50,1.0
square_enix,NieR: Automata,thai,17,0.3
square_enix,NieR: Automata,turkish,85,1.7
square_enix,NieR: Automata,ukrainian,67,1.3
square_enix,NieR: Automata,vietnamese,12,0.2
square_enix,Octopath Traveler,brazilian,101,2.0
square_enix,Octopath Traveler,bulgarian,1,0.0
square_enix,Octopath Traveler,czech,2,0.0
square_enix,Octopath Traveler,danish,1,0.0
square_enix,Octopath Traveler,dutch,4,0.1
square_enix,Octopath Traveler,english,2008,40.3
square_enix,Octopath Traveler,finnish,5,0.1
square_enix,Octopath Traveler,french,117,2.4
square_enix,Octopath Traveler,german,109,2.2
square_enix,Octopath Traveler,hungarian,2,0.0
square_enix,Octopath Traveler,indonesian,3,0.1
square_enix,Octopath Traveler,italian,39,0.8
square_enix,Octopath Traveler,japanese,223,4.5
square_enix,Octopath Traveler,koreana,338,6.8
square_enix,Octopath Traveler,latam,43,0.9
square_enix,Octopath Traveler,norwegian,3,0.1
square_enix,Octopath Traveler,polish,22,0.4
square_enix,Octopath Traveler,portuguese,2,0.0
square_enix,Octopath Traveler,russian,18,0.4
square_enix,Octopath Traveler,schinese,1489,29.9
square_enix,Octopath Traveler,spanish,218,4.4
square_enix,Octopath Traveler,swedish,6,0.1
square_enix,Octopath Traveler,tchinese,174,3.5
square_enix,Octopath Traveler,thai,35,0.7
square_enix,Octopath Traveler,turkish,8,0.2
square_enix,Octopath Traveler,ukrainian,2,0.0
square_enix,Octopath Traveler,vietnamese,4,0.1
square_enix,Octopath Traveler II,brazilian,39,0.8
square_enix,Octopath Traveler II,czech,1,0.0
square_enix,Octopath Traveler II,danish,1,0.0
square_enix,Octopath Traveler II,dutch,7,0.1
square_enix,Octopath Traveler II,english,1627,32.6
square_enix,Octopath Traveler II,finnish,1,0.0
square_enix,Octopath Traveler II,french,90,1.8
square_enix,Octopath Traveler II,german,72,1.4
square_enix,Octopath Traveler II,greek,1,0.0
square_enix,Octopath Traveler II,hungarian,1,0.0
square_enix,Octopath Traveler II,italian,31,0.6
square_enix,Octopath Traveler II,japanese,184,3.7
square_enix,Octopath Traveler II,koreana,383,7.7
square_enix,Octopath Traveler II,latam,23,0.5
square_enix,Octopath Traveler II,polish,14,0.3
square_enix,Octopath Traveler II,portuguese,1,0.0
square_enix,Octopath Traveler II,romanian,1,0.0
square_enix,Octopath Traveler II,russian,13,0.3
square_enix,Octopath Traveler II,schinese,2054,41.2
square_enix,Octopath Traveler II,spanish,107,2.1
square_enix,Octopath Traveler II,swedish,7,0.1
square_enix,Octopath Traveler II,tchinese,307,6.2
square_enix,Octopath Traveler II,thai,17,0.3
square_enix,Octopath Traveler II,ukrainian,2,0.0
square_enix,Octopath Traveler II,vietnamese,1,0.0
take_two,Borderlands 3,brazilian,261,5.2
take_two,Borderlands 3,bulgarian,2,0.0
take_two,Borderlands 3,czech,28,0.6
take_two,Borderlands 3,danish,8,0.2
take_two,Borderlands 3,dutch,12,0.2
take_two,Borderlands 3,english,2522,49.8
take_two,Borderlands 3,finnish,9,0.2
take_two,Borderlands 3,french,130,2.6
take_two,Borderlands 3,german,180,3.6
take_two,Borderlands 3,greek,2,0.0
take_two,Borderlands 3,hungarian,14,0.3
take_two,Borderlands 3,indonesian,1,0.0
take_two,Borderlands 3,italian,39,0.8
take_two,Borderlands 3,japanese,25,0.5
take_two,Borderlands 3,koreana,85,1.7
take_two,Borderlands 3,latam,50,1.0
take_two,Borderlands 3,polish,75,1.5
take_two,Borderlands 3,portuguese,14,0.3
take_two,Borderlands 3,romanian,3,0.1
take_two,Borderlands 3,russian,446,8.8
take_two,Borderlands 3,schinese,816,16.1
take_two,Borderlands 3,spanish,218,4.3
take_two,Borderlands 3,swedish,13,0.3
take_two,Borderlands 3,tchinese,23,0.5
take_two,Borderlands 3,thai,6,0.1
take_two,Borderlands 3,turkish,41,0.8
take_two,Borderlands 3,ukrainian,41,0.8
take_two,Borderlands 3,vietnamese,3,0.1
take_two,GTA V,brazilian,527,10.4
take_two,GTA V,bulgarian,7,0.1
take_two,GTA V,czech,48,0.9
take_two,GTA V,danish,14,0.3
take_two,GTA V,dutch,15,0.3
take_two,GTA V,english,1346,26.6
take_two,GTA V,finnish,16,0.3
take_two,GTA V,french,61,1.2
take_two,GTA V,german,94,1.9
take_two,GTA V,greek,5,0.1
take_two,GTA V,hungarian,9,0.2
take_two,GTA V,indonesian,18,0.4
take_two,GTA V,italian,22,0.4
take_two,GTA V,japanese,6,0.1
take_two,GTA V,koreana,79,1.6
take_two,GTA V,latam,28,0.6
take_two,GTA V,norwegian,8,0.2
take_two,GTA V,polish,110,2.2
take_two,GTA V,portuguese,18,0.4
take_two,GTA V,romanian,15,0.3
take_two,GTA V,russian,1546,30.5
take_two,GTA V,schinese,398,7.9
take_two,GTA V,spanish,222,4.4
take_two,GTA V,swedish,26,0.5
take_two,GTA V,tchinese,21,0.4
take_two,GTA V,thai,21,0.4
take_two,GTA V,turkish,288,5.7
take_two,GTA V,ukrainian,95,1.9
take_two,GTA V,vietnamese,6,0.1
take_two,Red Dead Redemption 2,brazilian,406,8.2
take_two,Red Dead Redemption 2,bulgarian,1,0.0
take_two,Red Dead Redemption 2,czech,20,0.4
take_two,Red Dead Redemption 2,danish,11,0.2
take_two,Red Dead Redemption 2,dutch,13,0.3
take_two,Red Dead Redemption 2,english,1904,38.3
take_two,Red Dead Redemption 2,finnish,12,0.2
take_two,Red Dead Redemption 2,french,62,1.2
take_two,Red Dead Redemption 2,german,98,2.0
take_two,Red Dead Redemption 2,greek,3,0.1
take_two,Red Dead Redemption 2,hungarian,7,0.1
take_two,Red Dead Redemption 2,indonesian,14,0.3
take_two,Red Dead Redemption 2,italian,20,0.4
take_two,Red Dead Redemption 2,japanese,11,0.2
take_two,Red Dead Redemption 2,koreana,136,2.7
take_two,Red Dead Redemption 2,latam,76,1.5
take_two,Red Dead Redemption 2,norwegian,14,0.3
take_two,Red Dead Redemption 2,polish,98,2.0
take_two,Red Dead Redemption 2,portuguese,17,0.3
take_two,Red Dead Redemption 2,romanian,6,0.1
take_two,Red Dead Redemption 2,russian,440,8.8
take_two,Red Dead Redemption 2,schinese,895,18.0
take_two,Red Dead Redemption 2,spanish,268,5.4
take_two,Red Dead Redemption 2,swedish,31,0.6
take_two,Red Dead Redemption 2,tchinese,24,0.5
take_two,Red Dead Redemption 2,thai,29,0.6
take_two,Red Dead Redemption 2,turkish,305,6.1
take_two,Red Dead Redemption 2,ukrainian,41,0.8
take_two,Red Dead Redemption 2,vietnamese,14,0.3
ubisoft,Assassin's Creed Mirage,brazilian,278,5.5
ubisoft,Assassin's Creed Mirage,bulgarian,4,0.1
ubisoft,Assassin's Creed Mirage,czech,43,0.8
ubisoft,Assassin's Creed Mirage,danish,5,0.1
ubisoft,Assassin's Creed Mirage,dutch,10,0.2
ubisoft,Assassin's Creed Mirage,english,2118,41.8
ubisoft,Assassin's Creed Mirage,finnish,6,0.1
ubisoft,Assassin's Creed Mirage,french,111,2.2
ubisoft,Assassin's Creed Mirage,german,170,3.4
ubisoft,Assassin's Creed Mirage,greek,3,0.1
ubisoft,Assassin's Creed Mirage,hungarian,12,0.2
ubisoft,Assassin's Creed Mirage,indonesian,8,0.2
ubisoft,Assassin's Creed Mirage,italian,44,0.9
ubisoft,Assassin's Creed Mirage,japanese,9,0.2
ubisoft,Assassin's Creed Mirage,koreana,86,1.7
ubisoft,Assassin's Creed Mirage,latam,50,1.0
ubisoft,Assassin's Creed Mirage,norwegian,7,0.1
ubisoft,Assassin's Creed Mirage,polish,130,2.6
ubisoft,Assassin's Creed Mirage,portuguese,21,0.4
ubisoft,Assassin's Creed Mirage,romanian,8,0.2
ubisoft,Assassin's Creed Mirage,russian,778,15.3
ubisoft,Assassin's Creed Mirage,schinese,667,13.2
ubisoft,Assassin's Creed Mirage,spanish,196,3.9
ubisoft,Assassin's Creed Mirage,swedish,8,0.2
ubisoft,Assassin's Creed Mirage,tchinese,28,0.6
ubisoft,Assassin's Creed Mirage,thai,22,0.4
ubisoft,Assassin's Creed Mirage,turkish,147,2.9
ubisoft,Assassin's Creed Mirage,ukrainian,98,1.9
ubisoft,Assassin's Creed Mirage,vietnamese,5,0.1
ubisoft,Assassin's Creed Shadows,brazilian,179,3.5
ubisoft,Assassin's Creed Shadows,bulgarian,3,0.1
ubisoft,Assassin's Creed Shadows,czech,37,0.7
ubisoft,Assassin's Creed Shadows,danish,8,0.2
ubisoft,Assassin's Creed Shadows,dutch,15,0.3
ubisoft,Assassin's Creed Shadows,english,1808,35.6
ubisoft,Assassin's Creed Shadows,finnish,9,0.2
ubisoft,Assassin's Creed Shadows,french,117,2.3
ubisoft,Assassin's Creed Shadows,german,196,3.9
ubisoft,Assassin's Creed Shadows,greek,4,0.1
ubisoft,Assassin's Creed Shadows,hungarian,24,0.5
ubisoft,Assassin's Creed Shadows,indonesian,16,0.3
ubisoft,Assassin's Creed Shadows,italian,34,0.7
ubisoft,Assassin's Creed Shadows,japanese,26,0.5
ubisoft,Assassin's Creed Shadows,koreana,235,4.6
ubisoft,Assassin's Creed Shadows,latam,39,0.8
ubisoft,Assassin's Creed Shadows,norwegian,7,0.1
ubisoft,Assassin's Creed Shadows,polish,95,1.9
ubisoft,Assassin's Creed Shadows,portuguese,9,0.2
ubisoft,Assassin's Creed Shadows,romanian,5,0.1
ubisoft,Assassin's Creed Shadows,russian,562,11.1
ubisoft,Assassin's Creed Shadows,schinese,1330,26.2
ubisoft,Assassin's Creed Shadows,spanish,125,2.5
ubisoft,Assassin's Creed Shadows,swedish,10,0.2
ubisoft,Assassin's Creed Shadows,tchinese,23,0.5
ubisoft,Assassin's Creed Shadows,thai,16,0.3
ubisoft,Assassin's Creed Shadows,turkish,97,1.9
ubisoft,Assassin's Creed Shadows,ukrainian,40,0.8
ubisoft,Assassin's Creed Shadows,vietnamese,5,0.1
ubisoft,Star Wars Outlaws,brazilian,45,0.9
ubisoft,Star Wars Outlaws,czech,7,0.1
ubisoft,Star Wars Outlaws,danish,2,0.0
ubisoft,Star Wars Outlaws,dutch,6,0.1
ubisoft,Star Wars Outlaws,english,4431,87.0
ubisoft,Star Wars Outlaws,finnish,2,0.0
ubisoft,Star Wars Outlaws,french,102,2.0
ubisoft,Star Wars Outlaws,german,226,4.4
ubisoft,Star Wars Outlaws,greek,1,0.0
ubisoft,Star Wars Outlaws,hungarian,6,0.1
ubisoft,Star Wars Outlaws,italian,8,0.2
ubisoft,Star Wars Outlaws,koreana,4,0.1
ubisoft,Star Wars Outlaws,latam,43,0.8
ubisoft,Star Wars Outlaws,norwegian,1,0.0
ubisoft,Star Wars Outlaws,polish,25,0.5
ubisoft,Star Wars Outlaws,portuguese,3,0.1
ubisoft,Star Wars Outlaws,russian,79,1.6
ubisoft,Star Wars Outlaws,schinese,10,0.2
ubisoft,Star Wars Outlaws,spanish,74,1.5
ubisoft,Star Wars Outlaws,swedish,7,0.1
ubisoft,Star Wars Outlaws,tchinese,2,0.0
ubisoft,Star Wars Outlaws,turkish,3,0.1
ubisoft,Star Wars Outlaws,ukrainian,7,0.1
